{
    "Regions": {
      "${DERP_REGION_ID}": {
        "RegionID": ${DERP_REGION_ID},
        "RegionCode": "${DERP_REGION_CODE}",
        "RegionName": "${DERP_REGION_NAME}",
        "Nodes": [
          {
            "Name": "${DERP_NODE_NAME}",
            "RegionID": ${DERP_REGION_ID},
            "HostName": "${DERP_HOSTNAME}",
            "IPv4": "${DERP_IPV4}",
            "IPv6": "${DERP_IPV6}",
            "DERPPort": ${DERP_PORT},
            "STUNPort": ${STUN_PORT}
          }
        ]
      }
    }
  }
  